source,broken_url,line
blog/agente-ia-para-florerias.html,/es/crm.html,207
blog/agente-ia-para-academias-de-ballet.html,/es/crm-agente-ia.html,208
blog/agente-ia-para-empresas-de-domotica.html,/es/crm-inmobiliarias-valencia.html,433
blog/agente-ia-para-academias-de-matematicas.html,/es/agente-ia.html,427
blog/agente-ia-para-agencias-de-publicidad.html,/es/crm-para-agencias-de-marketing.html,212
blog/agente-ia-para-agencias-de-publicidad.html,/es/agente-ia-madrid.html,432
blog/agente-ia-para-agencias-de-publicidad.html,/es/agente-ia-barcelona.html,433
blog/agente-ia-para-agencias-de-publicidad.html,/es/agente-ia-lima.html,434
blog/agente-ia-para-tiendas-de-golf.html,/es/crm.html,199
